,model,path
0,WildFire_Pedal-out.wav,Proteus_Tone_Packs/PedalPack2/WildFire_Pedal.json
1,JHS_AT_Pedal_GainKnob_cond-0.00-out.wav,Proteus_Tone_Packs/PedalPack2/JHS_AT_Pedal_GainKnob.json
2,JHS_AT_Pedal_GainKnob_cond-0.25-out.wav,Proteus_Tone_Packs/PedalPack2/JHS_AT_Pedal_GainKnob.json
3,JHS_AT_Pedal_GainKnob_cond-0.50-out.wav,Proteus_Tone_Packs/PedalPack2/JHS_AT_Pedal_GainKnob.json
4,JHS_AT_Pedal_GainKnob_cond-0.75-out.wav,Proteus_Tone_Packs/PedalPack2/JHS_AT_Pedal_GainKnob.json
5,JHS_AT_Pedal_GainKnob_cond-1.00-out.wav,Proteus_Tone_Packs/PedalPack2/JHS_AT_Pedal_GainKnob.json
6,BadCat50_HighGain_PREAMP-out.wav,Proteus_Tone_Packs/AmpPack2/BadCat50_HighGain_PREAMP.json
7,BluesJrAmp_VolKnob_cond-0.00-out.wav,Proteus_Tone_Packs/AmpPack1/BluesJrAmp_VolKnob.json
8,BluesJrAmp_VolKnob_cond-0.25-out.wav,Proteus_Tone_Packs/AmpPack1/BluesJrAmp_VolKnob.json
9,BluesJrAmp_VolKnob_cond-0.50-out.wav,Proteus_Tone_Packs/AmpPack1/BluesJrAmp_VolKnob.json
10,BluesJrAmp_VolKnob_cond-0.75-out.wav,Proteus_Tone_Packs/AmpPack1/BluesJrAmp_VolKnob.json
11,BluesJrAmp_VolKnob_cond-1.00-out.wav,Proteus_Tone_Packs/AmpPack1/BluesJrAmp_VolKnob.json
12,Bogner_XTC_ Mini_GainKnob_cond-0.00-out.wav,Proteus_Tone_Packs/PedalPack2/Bogner_XTC_ Mini_GainKnob.json
13,Bogner_XTC_ Mini_GainKnob_cond-0.25-out.wav,Proteus_Tone_Packs/PedalPack2/Bogner_XTC_ Mini_GainKnob.json
14,Bogner_XTC_ Mini_GainKnob_cond-0.50-out.wav,Proteus_Tone_Packs/PedalPack2/Bogner_XTC_ Mini_GainKnob.json
15,Bogner_XTC_ Mini_GainKnob_cond-0.75-out.wav,Proteus_Tone_Packs/PedalPack2/Bogner_XTC_ Mini_GainKnob.json
16,Bogner_XTC_ Mini_GainKnob_cond-1.00-out.wav,Proteus_Tone_Packs/PedalPack2/Bogner_XTC_ Mini_GainKnob.json
17,DigitechDF-7_Rat-out.wav,Proteus_Tone_Packs/PedalPack4/DigitechDF-7_Rat.json
18,Jekyl_and_Hyde_OD_DriveKnob_cond-0.00-out.wav,Proteus_Tone_Packs/PedalPack2/Jekyl_and_Hyde_OD_DriveKnob.json
19,Jekyl_and_Hyde_OD_DriveKnob_cond-0.25-out.wav,Proteus_Tone_Packs/PedalPack2/Jekyl_and_Hyde_OD_DriveKnob.json
20,Jekyl_and_Hyde_OD_DriveKnob_cond-0.50-out.wav,Proteus_Tone_Packs/PedalPack2/Jekyl_and_Hyde_OD_DriveKnob.json
21,Jekyl_and_Hyde_OD_DriveKnob_cond-0.75-out.wav,Proteus_Tone_Packs/PedalPack2/Jekyl_and_Hyde_OD_DriveKnob.json
22,Jekyl_and_Hyde_OD_DriveKnob_cond-1.00-out.wav,Proteus_Tone_Packs/PedalPack2/Jekyl_and_Hyde_OD_DriveKnob.json
23,DumbleKit_LowG_DirectOut-out.wav,Proteus_Tone_Packs/AmpPack1/DumbleKit_LowG_DirectOut.json
24,Ethos_TWE_Pedal_GainKnob_cond-0.00-out.wav,Proteus_Tone_Packs/PedalPack2/Ethos_TWE_Pedal_GainKnob.json
25,Ethos_TWE_Pedal_GainKnob_cond-0.25-out.wav,Proteus_Tone_Packs/PedalPack2/Ethos_TWE_Pedal_GainKnob.json
26,Ethos_TWE_Pedal_GainKnob_cond-0.50-out.wav,Proteus_Tone_Packs/PedalPack2/Ethos_TWE_Pedal_GainKnob.json
27,Ethos_TWE_Pedal_GainKnob_cond-0.75-out.wav,Proteus_Tone_Packs/PedalPack2/Ethos_TWE_Pedal_GainKnob.json
28,Ethos_TWE_Pedal_GainKnob_cond-1.00-out.wav,Proteus_Tone_Packs/PedalPack2/Ethos_TWE_Pedal_GainKnob.json
29,YamahaT50_HighGain-mid4_DIRECT-out.wav,Proteus_Tone_Packs/AmpPack2/YamahaT50_HighGain-mid4_DIRECT.json
30,DODGrunge-out.wav,Proteus_Tone_Packs/PedalPack4/DODGrunge.json
31,SLO_Clean_GainKnob_cond-0.00-out.wav,Proteus_Tone_Packs/MetalAmpPack/SLO_Clean_GainKnob.json
32,SLO_Clean_GainKnob_cond-0.25-out.wav,Proteus_Tone_Packs/MetalAmpPack/SLO_Clean_GainKnob.json
33,SLO_Clean_GainKnob_cond-0.50-out.wav,Proteus_Tone_Packs/MetalAmpPack/SLO_Clean_GainKnob.json
34,SLO_Clean_GainKnob_cond-0.75-out.wav,Proteus_Tone_Packs/MetalAmpPack/SLO_Clean_GainKnob.json
35,SLO_Clean_GainKnob_cond-1.00-out.wav,Proteus_Tone_Packs/MetalAmpPack/SLO_Clean_GainKnob.json
36,DODAmericanMetal-out.wav,Proteus_Tone_Packs/PedalPack4/DODAmericanMetal.json
37,BossMT2_PedalHighGain-out.wav,Proteus_Tone_Packs/PedalPack1/BossMT2_PedalHighGain.json
38,HustleDriveHP_Knob_cond-0.00-out.wav,Proteus_Tone_Packs/PedalPack4/HustleDriveHP_Knob.json
39,HustleDriveHP_Knob_cond-0.25-out.wav,Proteus_Tone_Packs/PedalPack4/HustleDriveHP_Knob.json
40,HustleDriveHP_Knob_cond-0.50-out.wav,Proteus_Tone_Packs/PedalPack4/HustleDriveHP_Knob.json
41,HustleDriveHP_Knob_cond-0.75-out.wav,Proteus_Tone_Packs/PedalPack4/HustleDriveHP_Knob.json
42,HustleDriveHP_Knob_cond-1.00-out.wav,Proteus_Tone_Packs/PedalPack4/HustleDriveHP_Knob.json
43,EffectrodeBlackbirdClean-out.wav,Proteus_Tone_Packs/PedalPack4/EffectrodeBlackbirdClean.json
44,AguilarAgro-Bright_Bass-out.wav,Proteus_Tone_Packs/PedalPack3/AguilarAgro-Bright_Bass.json
45,ShiftTwin_Demon_PREAMP-out.wav,Proteus_Tone_Packs/AmpPack2/ShiftTwin_Demon_PREAMP.json
46,BarberDD_Pedal_DriveKnob_cond-0.00-out.wav,Proteus_Tone_Packs/PedalPack2/BarberDD_Pedal_DriveKnob.json
47,BarberDD_Pedal_DriveKnob_cond-0.25-out.wav,Proteus_Tone_Packs/PedalPack2/BarberDD_Pedal_DriveKnob.json
48,BarberDD_Pedal_DriveKnob_cond-0.50-out.wav,Proteus_Tone_Packs/PedalPack2/BarberDD_Pedal_DriveKnob.json
49,BarberDD_Pedal_DriveKnob_cond-0.75-out.wav,Proteus_Tone_Packs/PedalPack2/BarberDD_Pedal_DriveKnob.json
50,BarberDD_Pedal_DriveKnob_cond-1.00-out.wav,Proteus_Tone_Packs/PedalPack2/BarberDD_Pedal_DriveKnob.json
51,EffectrodeBlackbirdCreamy-out.wav,Proteus_Tone_Packs/PedalPack4/EffectrodeBlackbirdCreamy.json
52,LittleBigMuff_HighGainPedal-out.wav,Proteus_Tone_Packs/PedalPack1/LittleBigMuff_HighGainPedal.json
53,Ibanez808TubeScreamer-out.wav,Proteus_Tone_Packs/PedalPack4/Ibanez808TubeScreamer.json
54,WamplerAceThirtyFullGain-out.wav,Proteus_Tone_Packs/PedalPack4/WamplerAceThirtyFullGain.json
55,WamplerThirtySomething15BoostON-out.wav,Proteus_Tone_Packs/PedalPack4/WamplerThirtySomething15BoostON.json
56,HustleDriveHP-out.wav,Proteus_Tone_Packs/PedalPack4/HustleDriveHP.json
57,Filmosound_with_cab-out.wav,Proteus_Tone_Packs/AmpPack3/Filmosound_with_cab.json
58,WildFire_Pedal_GainKnob_cond-0.00-out.wav,Proteus_Tone_Packs/PedalPack2/WildFire_Pedal_GainKnob.json
59,WildFire_Pedal_GainKnob_cond-0.25-out.wav,Proteus_Tone_Packs/PedalPack2/WildFire_Pedal_GainKnob.json
60,WildFire_Pedal_GainKnob_cond-0.50-out.wav,Proteus_Tone_Packs/PedalPack2/WildFire_Pedal_GainKnob.json
61,WildFire_Pedal_GainKnob_cond-0.75-out.wav,Proteus_Tone_Packs/PedalPack2/WildFire_Pedal_GainKnob.json
62,WildFire_Pedal_GainKnob_cond-1.00-out.wav,Proteus_Tone_Packs/PedalPack2/WildFire_Pedal_GainKnob.json
63,Mesa_IICplus_DriveKnob_DirectOut_cond-0.00-out.wav,Proteus_Tone_Packs/AmpPack1/Mesa_IICplus_DriveKnob_DirectOut.json
64,Mesa_IICplus_DriveKnob_DirectOut_cond-0.25-out.wav,Proteus_Tone_Packs/AmpPack1/Mesa_IICplus_DriveKnob_DirectOut.json
65,Mesa_IICplus_DriveKnob_DirectOut_cond-0.50-out.wav,Proteus_Tone_Packs/AmpPack1/Mesa_IICplus_DriveKnob_DirectOut.json
66,Mesa_IICplus_DriveKnob_DirectOut_cond-0.75-out.wav,Proteus_Tone_Packs/AmpPack1/Mesa_IICplus_DriveKnob_DirectOut.json
67,Mesa_IICplus_DriveKnob_DirectOut_cond-1.00-out.wav,Proteus_Tone_Packs/AmpPack1/Mesa_IICplus_DriveKnob_DirectOut.json
68,SoundCity50_LowGain_DIRECT-out.wav,Proteus_Tone_Packs/AmpPack2/SoundCity50_LowGain_DIRECT.json
69,Colombo_Plexi_Knob_cond-0.00-out.wav,Proteus_Tone_Packs/PedalPack2/Colombo_Plexi_Knob.json
70,Colombo_Plexi_Knob_cond-0.25-out.wav,Proteus_Tone_Packs/PedalPack2/Colombo_Plexi_Knob.json
71,Colombo_Plexi_Knob_cond-0.50-out.wav,Proteus_Tone_Packs/PedalPack2/Colombo_Plexi_Knob.json
72,Colombo_Plexi_Knob_cond-0.75-out.wav,Proteus_Tone_Packs/PedalPack2/Colombo_Plexi_Knob.json
73,Colombo_Plexi_Knob_cond-1.00-out.wav,Proteus_Tone_Packs/PedalPack2/Colombo_Plexi_Knob.json
74,ShiftTwin_Clean2_PREAMP-out.wav,Proteus_Tone_Packs/AmpPack2/ShiftTwin_Clean2_PREAMP.json
75,Benson_Chimera_clone_GainKnob_cond-0.00-out.wav,Proteus_Tone_Packs/PedalPack1/Benson_Chimera_clone_GainKnob.json
76,Benson_Chimera_clone_GainKnob_cond-0.25-out.wav,Proteus_Tone_Packs/PedalPack1/Benson_Chimera_clone_GainKnob.json
77,Benson_Chimera_clone_GainKnob_cond-0.50-out.wav,Proteus_Tone_Packs/PedalPack1/Benson_Chimera_clone_GainKnob.json
78,Benson_Chimera_clone_GainKnob_cond-0.75-out.wav,Proteus_Tone_Packs/PedalPack1/Benson_Chimera_clone_GainKnob.json
79,Benson_Chimera_clone_GainKnob_cond-1.00-out.wav,Proteus_Tone_Packs/PedalPack1/Benson_Chimera_clone_GainKnob.json
80,XoticBB_pedal_GainKnob_cond-0.00-out.wav,Proteus_Tone_Packs/PedalPack1/XoticBB_pedal_GainKnob.json
81,XoticBB_pedal_GainKnob_cond-0.25-out.wav,Proteus_Tone_Packs/PedalPack1/XoticBB_pedal_GainKnob.json
82,XoticBB_pedal_GainKnob_cond-0.50-out.wav,Proteus_Tone_Packs/PedalPack1/XoticBB_pedal_GainKnob.json
83,XoticBB_pedal_GainKnob_cond-0.75-out.wav,Proteus_Tone_Packs/PedalPack1/XoticBB_pedal_GainKnob.json
84,XoticBB_pedal_GainKnob_cond-1.00-out.wav,Proteus_Tone_Packs/PedalPack1/XoticBB_pedal_GainKnob.json
85,Jeckyl_and_Hyde_Distortion_DriveKnob_cond-0.00-out.wav,Proteus_Tone_Packs/PedalPack2/Jeckyl_and_Hyde_Distortion_DriveKnob.json
86,Jeckyl_and_Hyde_Distortion_DriveKnob_cond-0.25-out.wav,Proteus_Tone_Packs/PedalPack2/Jeckyl_and_Hyde_Distortion_DriveKnob.json
87,Jeckyl_and_Hyde_Distortion_DriveKnob_cond-0.50-out.wav,Proteus_Tone_Packs/PedalPack2/Jeckyl_and_Hyde_Distortion_DriveKnob.json
88,Jeckyl_and_Hyde_Distortion_DriveKnob_cond-0.75-out.wav,Proteus_Tone_Packs/PedalPack2/Jeckyl_and_Hyde_Distortion_DriveKnob.json
89,Jeckyl_and_Hyde_Distortion_DriveKnob_cond-1.00-out.wav,Proteus_Tone_Packs/PedalPack2/Jeckyl_and_Hyde_Distortion_DriveKnob.json
90,BigMuffWicker_on-out.wav,Proteus_Tone_Packs/PedalPack4/BigMuffWicker_on.json
91,PrinceOfToneClone_Dist_Knob_cond-0.00-out.wav,Proteus_Tone_Packs/PedalPack3/PrinceOfToneClone_Dist_Knob.json
92,PrinceOfToneClone_Dist_Knob_cond-0.25-out.wav,Proteus_Tone_Packs/PedalPack3/PrinceOfToneClone_Dist_Knob.json
93,PrinceOfToneClone_Dist_Knob_cond-0.50-out.wav,Proteus_Tone_Packs/PedalPack3/PrinceOfToneClone_Dist_Knob.json
94,PrinceOfToneClone_Dist_Knob_cond-0.75-out.wav,Proteus_Tone_Packs/PedalPack3/PrinceOfToneClone_Dist_Knob.json
95,PrinceOfToneClone_Dist_Knob_cond-1.00-out.wav,Proteus_Tone_Packs/PedalPack3/PrinceOfToneClone_Dist_Knob.json
96,BlackstarHT40_AmpClean-out.wav,Proteus_Tone_Packs/AmpPack1/BlackstarHT40_AmpClean.json
97,TeaFuzz_Max-out.wav,Proteus_Tone_Packs/Keiths_DIY_Pedals/TeaFuzz_Max.json
98,SweetCream_pedal_GainKnob-out.wav,Proteus_Tone_Packs/PedalPack1/SweetCream_pedal_GainKnob.json
99,recVintage_GainKnob_cond-0.00-out.wav,Proteus_Tone_Packs/MetalAmpPack/recVintage_GainKnob.json
100,recVintage_GainKnob_cond-0.25-out.wav,Proteus_Tone_Packs/MetalAmpPack/recVintage_GainKnob.json
101,recVintage_GainKnob_cond-0.50-out.wav,Proteus_Tone_Packs/MetalAmpPack/recVintage_GainKnob.json
102,recVintage_GainKnob_cond-0.75-out.wav,Proteus_Tone_Packs/MetalAmpPack/recVintage_GainKnob.json
103,recVintage_GainKnob_cond-1.00-out.wav,Proteus_Tone_Packs/MetalAmpPack/recVintage_GainKnob.json
104,DigitechDF-7_DOD250-out.wav,Proteus_Tone_Packs/PedalPack4/DigitechDF-7_DOD250.json
105,ShiftTwin_Clean1_PREAMP-out.wav,Proteus_Tone_Packs/AmpPack2/ShiftTwin_Clean1_PREAMP.json
106,SLO_Crunch_GainKnob_cond-0.00-out.wav,Proteus_Tone_Packs/MetalAmpPack/SLO_Crunch_GainKnob.json
107,SLO_Crunch_GainKnob_cond-0.25-out.wav,Proteus_Tone_Packs/MetalAmpPack/SLO_Crunch_GainKnob.json
108,SLO_Crunch_GainKnob_cond-0.50-out.wav,Proteus_Tone_Packs/MetalAmpPack/SLO_Crunch_GainKnob.json
109,SLO_Crunch_GainKnob_cond-0.75-out.wav,Proteus_Tone_Packs/MetalAmpPack/SLO_Crunch_GainKnob.json
110,SLO_Crunch_GainKnob_cond-1.00-out.wav,Proteus_Tone_Packs/MetalAmpPack/SLO_Crunch_GainKnob.json
111,Tubeworks_RealTube_DriveKnob_cond-0.00-out.wav,Proteus_Tone_Packs/PedalPack2/Tubeworks_RealTube_DriveKnob.json
112,Tubeworks_RealTube_DriveKnob_cond-0.25-out.wav,Proteus_Tone_Packs/PedalPack2/Tubeworks_RealTube_DriveKnob.json
113,Tubeworks_RealTube_DriveKnob_cond-0.50-out.wav,Proteus_Tone_Packs/PedalPack2/Tubeworks_RealTube_DriveKnob.json
114,Tubeworks_RealTube_DriveKnob_cond-0.75-out.wav,Proteus_Tone_Packs/PedalPack2/Tubeworks_RealTube_DriveKnob.json
115,Tubeworks_RealTube_DriveKnob_cond-1.00-out.wav,Proteus_Tone_Packs/PedalPack2/Tubeworks_RealTube_DriveKnob.json
116,BadCat50_MedGain_PREAMP-out.wav,Proteus_Tone_Packs/AmpPack2/BadCat50_MedGain_PREAMP.json
117,DC3_Ge_G10_T6_L9-out.wav,Proteus_Tone_Packs/Keiths_DIY_Pedals/DC3_Ge_G10_T6_L9.json
118,recModern_GainKnob_cond-0.00-out.wav,Proteus_Tone_Packs/MetalAmpPack/recModern_GainKnob.json
119,recModern_GainKnob_cond-0.25-out.wav,Proteus_Tone_Packs/MetalAmpPack/recModern_GainKnob.json
120,recModern_GainKnob_cond-0.50-out.wav,Proteus_Tone_Packs/MetalAmpPack/recModern_GainKnob.json
121,recModern_GainKnob_cond-0.75-out.wav,Proteus_Tone_Packs/MetalAmpPack/recModern_GainKnob.json
122,recModern_GainKnob_cond-1.00-out.wav,Proteus_Tone_Packs/MetalAmpPack/recModern_GainKnob.json
123,JoyoAmericanSound-out.wav,Proteus_Tone_Packs/PedalPack4/JoyoAmericanSound.json
124,YamahaT50_HighGain-mid6_DIRECT-out.wav,Proteus_Tone_Packs/AmpPack2/YamahaT50_HighGain-mid6_DIRECT.json
125,ProcoRatPedal_HighGain-out.wav,Proteus_Tone_Packs/PedalPack1/ProcoRatPedal_HighGain.json
126,Friedman_BEOD_Pedal_GainKnob_cond-0.00-out.wav,Proteus_Tone_Packs/PedalPack2/Friedman_BEOD_Pedal_GainKnob.json
127,Friedman_BEOD_Pedal_GainKnob_cond-0.25-out.wav,Proteus_Tone_Packs/PedalPack2/Friedman_BEOD_Pedal_GainKnob.json
128,Friedman_BEOD_Pedal_GainKnob_cond-0.50-out.wav,Proteus_Tone_Packs/PedalPack2/Friedman_BEOD_Pedal_GainKnob.json
129,Friedman_BEOD_Pedal_GainKnob_cond-0.75-out.wav,Proteus_Tone_Packs/PedalPack2/Friedman_BEOD_Pedal_GainKnob.json
130,Friedman_BEOD_Pedal_GainKnob_cond-1.00-out.wav,Proteus_Tone_Packs/PedalPack2/Friedman_BEOD_Pedal_GainKnob.json
131,DigitechDF-7_MetalMaster-out.wav,Proteus_Tone_Packs/PedalPack4/DigitechDF-7_MetalMaster.json
132,Supro_Bold_DriveKnob_cond-0.00-out.wav,Proteus_Tone_Packs/PedalPack1/Supro_Bold_DriveKnob.json
133,Supro_Bold_DriveKnob_cond-0.25-out.wav,Proteus_Tone_Packs/PedalPack1/Supro_Bold_DriveKnob.json
134,Supro_Bold_DriveKnob_cond-0.50-out.wav,Proteus_Tone_Packs/PedalPack1/Supro_Bold_DriveKnob.json
135,Supro_Bold_DriveKnob_cond-0.75-out.wav,Proteus_Tone_Packs/PedalPack1/Supro_Bold_DriveKnob.json
136,Supro_Bold_DriveKnob_cond-1.00-out.wav,Proteus_Tone_Packs/PedalPack1/Supro_Bold_DriveKnob.json
137,Djent_Amp_GainKnob_cond-0.00-out.wav,Proteus_Tone_Packs/MetalAmpPack/Djent_Amp_GainKnob.json
138,Djent_Amp_GainKnob_cond-0.25-out.wav,Proteus_Tone_Packs/MetalAmpPack/Djent_Amp_GainKnob.json
139,Djent_Amp_GainKnob_cond-0.50-out.wav,Proteus_Tone_Packs/MetalAmpPack/Djent_Amp_GainKnob.json
140,Djent_Amp_GainKnob_cond-0.75-out.wav,Proteus_Tone_Packs/MetalAmpPack/Djent_Amp_GainKnob.json
141,Djent_Amp_GainKnob_cond-1.00-out.wav,Proteus_Tone_Packs/MetalAmpPack/Djent_Amp_GainKnob.json
142,DOD_AmericanMetal_GainKnob_cond-0.00-out.wav,Proteus_Tone_Packs/PedalPack4/DOD_AmericanMetal_GainKnob.json
143,DOD_AmericanMetal_GainKnob_cond-0.25-out.wav,Proteus_Tone_Packs/PedalPack4/DOD_AmericanMetal_GainKnob.json
144,DOD_AmericanMetal_GainKnob_cond-0.50-out.wav,Proteus_Tone_Packs/PedalPack4/DOD_AmericanMetal_GainKnob.json
145,DOD_AmericanMetal_GainKnob_cond-0.75-out.wav,Proteus_Tone_Packs/PedalPack4/DOD_AmericanMetal_GainKnob.json
146,DOD_AmericanMetal_GainKnob_cond-1.00-out.wav,Proteus_Tone_Packs/PedalPack4/DOD_AmericanMetal_GainKnob.json
147,EffectrodeBlackbirdClassic-out.wav,Proteus_Tone_Packs/PedalPack4/EffectrodeBlackbirdClassic.json
148,MXR78_pedal_DistKnob_cond-0.00-out.wav,Proteus_Tone_Packs/PedalPack1/MXR78_pedal_DistKnob.json
149,MXR78_pedal_DistKnob_cond-0.25-out.wav,Proteus_Tone_Packs/PedalPack1/MXR78_pedal_DistKnob.json
150,MXR78_pedal_DistKnob_cond-0.50-out.wav,Proteus_Tone_Packs/PedalPack1/MXR78_pedal_DistKnob.json
151,MXR78_pedal_DistKnob_cond-0.75-out.wav,Proteus_Tone_Packs/PedalPack1/MXR78_pedal_DistKnob.json
152,MXR78_pedal_DistKnob_cond-1.00-out.wav,Proteus_Tone_Packs/PedalPack1/MXR78_pedal_DistKnob.json
153,Sovtek50_StampedeDT_DIRECT-out.wav,Proteus_Tone_Packs/AmpPack2/Sovtek50_StampedeDT_DIRECT.json
154,AguilarAgro-Dark_Bass-out.wav,Proteus_Tone_Packs/PedalPack3/AguilarAgro-Dark_Bass.json
155,BigMuff_V6_T6_S9-out.wav,Proteus_Tone_Packs/Keiths_DIY_Pedals/BigMuff_V6_T6_S9.json
156,DigitechDF-7_TS9-out.wav,Proteus_Tone_Packs/PedalPack4/DigitechDF-7_TS9.json
157,BadCat50_MedGain_DIRECT-out.wav,Proteus_Tone_Packs/AmpPack2/BadCat50_MedGain_DIRECT.json
158,Klone_Ge_G4_T5_O6-out.wav,Proteus_Tone_Packs/Keiths_DIY_Pedals/Klone_Ge_G4_T5_O6.json
159,PorkLoinPedal_LowGain-out.wav,Proteus_Tone_Packs/PedalPack3/PorkLoinPedal_LowGain.json
160,Sovtek50_MedGain_DIRECT-out.wav,Proteus_Tone_Packs/AmpPack2/Sovtek50_MedGain_DIRECT.json
161,Bogner_EcstasyBlue_GainKnob_cond-0.00-out.wav,Proteus_Tone_Packs/PedalPack1/Bogner_EcstasyBlue_GainKnob.json
162,Bogner_EcstasyBlue_GainKnob_cond-0.25-out.wav,Proteus_Tone_Packs/PedalPack1/Bogner_EcstasyBlue_GainKnob.json
163,Bogner_EcstasyBlue_GainKnob_cond-0.50-out.wav,Proteus_Tone_Packs/PedalPack1/Bogner_EcstasyBlue_GainKnob.json
164,Bogner_EcstasyBlue_GainKnob_cond-0.75-out.wav,Proteus_Tone_Packs/PedalPack1/Bogner_EcstasyBlue_GainKnob.json
165,Bogner_EcstasyBlue_GainKnob_cond-1.00-out.wav,Proteus_Tone_Packs/PedalPack1/Bogner_EcstasyBlue_GainKnob.json
166,DigitechDF-7_DS1-out.wav,Proteus_Tone_Packs/PedalPack4/DigitechDF-7_DS1.json
167,Broadcast_Pedal_GainKnob_cond-0.00-out.wav,Proteus_Tone_Packs/PedalPack2/Broadcast_Pedal_GainKnob.json
168,Broadcast_Pedal_GainKnob_cond-0.25-out.wav,Proteus_Tone_Packs/PedalPack2/Broadcast_Pedal_GainKnob.json
169,Broadcast_Pedal_GainKnob_cond-0.50-out.wav,Proteus_Tone_Packs/PedalPack2/Broadcast_Pedal_GainKnob.json
170,Broadcast_Pedal_GainKnob_cond-0.75-out.wav,Proteus_Tone_Packs/PedalPack2/Broadcast_Pedal_GainKnob.json
171,Broadcast_Pedal_GainKnob_cond-1.00-out.wav,Proteus_Tone_Packs/PedalPack2/Broadcast_Pedal_GainKnob.json
172,ZenDrive_BlackMagic_DriveKnob_cond-0.00-out.wav,Proteus_Tone_Packs/PedalPack2/ZenDrive_BlackMagic_DriveKnob.json
173,ZenDrive_BlackMagic_DriveKnob_cond-0.25-out.wav,Proteus_Tone_Packs/PedalPack2/ZenDrive_BlackMagic_DriveKnob.json
174,ZenDrive_BlackMagic_DriveKnob_cond-0.50-out.wav,Proteus_Tone_Packs/PedalPack2/ZenDrive_BlackMagic_DriveKnob.json
175,ZenDrive_BlackMagic_DriveKnob_cond-0.75-out.wav,Proteus_Tone_Packs/PedalPack2/ZenDrive_BlackMagic_DriveKnob.json
176,ZenDrive_BlackMagic_DriveKnob_cond-1.00-out.wav,Proteus_Tone_Packs/PedalPack2/ZenDrive_BlackMagic_DriveKnob.json
177,JoyoBritishSound-out.wav,Proteus_Tone_Packs/PedalPack4/JoyoBritishSound.json
178,PrinceOfToneClone_OD_Knob_cond-0.00-out.wav,Proteus_Tone_Packs/PedalPack3/PrinceOfToneClone_OD_Knob.json
179,PrinceOfToneClone_OD_Knob_cond-0.25-out.wav,Proteus_Tone_Packs/PedalPack3/PrinceOfToneClone_OD_Knob.json
180,PrinceOfToneClone_OD_Knob_cond-0.50-out.wav,Proteus_Tone_Packs/PedalPack3/PrinceOfToneClone_OD_Knob.json
181,PrinceOfToneClone_OD_Knob_cond-0.75-out.wav,Proteus_Tone_Packs/PedalPack3/PrinceOfToneClone_OD_Knob.json
182,PrinceOfToneClone_OD_Knob_cond-1.00-out.wav,Proteus_Tone_Packs/PedalPack3/PrinceOfToneClone_OD_Knob.json
183,Landgraff_Pedal_GainKnob_cond-0.00-out.wav,Proteus_Tone_Packs/PedalPack2/Landgraff_Pedal_GainKnob.json
184,Landgraff_Pedal_GainKnob_cond-0.25-out.wav,Proteus_Tone_Packs/PedalPack2/Landgraff_Pedal_GainKnob.json
185,Landgraff_Pedal_GainKnob_cond-0.50-out.wav,Proteus_Tone_Packs/PedalPack2/Landgraff_Pedal_GainKnob.json
186,Landgraff_Pedal_GainKnob_cond-0.75-out.wav,Proteus_Tone_Packs/PedalPack2/Landgraff_Pedal_GainKnob.json
187,Landgraff_Pedal_GainKnob_cond-1.00-out.wav,Proteus_Tone_Packs/PedalPack2/Landgraff_Pedal_GainKnob.json
188,TS9_HighDrive-out.wav,Proteus_Tone_Packs/PedalPack1/TS9_HighDrive.json
189,BlackstarHT40_GainKnob_SM57mic_cond-0.00-out.wav,Proteus_Tone_Packs/AmpPack1/BlackstarHT40_GainKnob_SM57mic.json
190,BlackstarHT40_GainKnob_SM57mic_cond-0.25-out.wav,Proteus_Tone_Packs/AmpPack1/BlackstarHT40_GainKnob_SM57mic.json
191,BlackstarHT40_GainKnob_SM57mic_cond-0.50-out.wav,Proteus_Tone_Packs/AmpPack1/BlackstarHT40_GainKnob_SM57mic.json
192,BlackstarHT40_GainKnob_SM57mic_cond-0.75-out.wav,Proteus_Tone_Packs/AmpPack1/BlackstarHT40_GainKnob_SM57mic.json
193,BlackstarHT40_GainKnob_SM57mic_cond-1.00-out.wav,Proteus_Tone_Packs/AmpPack1/BlackstarHT40_GainKnob_SM57mic.json
194,BassAmp_GainKnob_cond-0.00-out.wav,Proteus_Tone_Packs/MetalAmpPack/BassAmp_GainKnob.json
195,BassAmp_GainKnob_cond-0.25-out.wav,Proteus_Tone_Packs/MetalAmpPack/BassAmp_GainKnob.json
196,BassAmp_GainKnob_cond-0.50-out.wav,Proteus_Tone_Packs/MetalAmpPack/BassAmp_GainKnob.json
197,BassAmp_GainKnob_cond-0.75-out.wav,Proteus_Tone_Packs/MetalAmpPack/BassAmp_GainKnob.json
198,BassAmp_GainKnob_cond-1.00-out.wav,Proteus_Tone_Packs/MetalAmpPack/BassAmp_GainKnob.json
199,TS7_modified_HotMode-out.wav,Proteus_Tone_Packs/PedalPack4/TS7_modified_HotMode.json
200,DC3_Si_G10_T6_L9-out.wav,Proteus_Tone_Packs/Keiths_DIY_Pedals/DC3_Si_G10_T6_L9.json
201,Lightspeed_PedalClone_GainKnob_cond-0.00-out.wav,Proteus_Tone_Packs/PedalPack2/Lightspeed_PedalClone_GainKnob.json
202,Lightspeed_PedalClone_GainKnob_cond-0.25-out.wav,Proteus_Tone_Packs/PedalPack2/Lightspeed_PedalClone_GainKnob.json
203,Lightspeed_PedalClone_GainKnob_cond-0.50-out.wav,Proteus_Tone_Packs/PedalPack2/Lightspeed_PedalClone_GainKnob.json
204,Lightspeed_PedalClone_GainKnob_cond-0.75-out.wav,Proteus_Tone_Packs/PedalPack2/Lightspeed_PedalClone_GainKnob.json
205,Lightspeed_PedalClone_GainKnob_cond-1.00-out.wav,Proteus_Tone_Packs/PedalPack2/Lightspeed_PedalClone_GainKnob.json
206,DarkglassB7KUltra_EdoardoNapoli-out.wav,Proteus_Tone_Packs/PedalPack4/DarkglassB7KUltra_EdoardoNapoli.json
207,RatsbaneStandardV1-out.wav,Proteus_Tone_Packs/PedalPack4/RatsbaneStandardV1.json
208,BlueClipper_Pedal_Clone-out.wav,Proteus_Tone_Packs/PedalPack2/BlueClipper_Pedal_Clone.json
209,Barber_GC_GainKnob_cond-0.00-out.wav,Proteus_Tone_Packs/PedalPack1/Barber_GC_GainKnob.json
210,Barber_GC_GainKnob_cond-0.25-out.wav,Proteus_Tone_Packs/PedalPack1/Barber_GC_GainKnob.json
211,Barber_GC_GainKnob_cond-0.50-out.wav,Proteus_Tone_Packs/PedalPack1/Barber_GC_GainKnob.json
212,Barber_GC_GainKnob_cond-0.75-out.wav,Proteus_Tone_Packs/PedalPack1/Barber_GC_GainKnob.json
213,Barber_GC_GainKnob_cond-1.00-out.wav,Proteus_Tone_Packs/PedalPack1/Barber_GC_GainKnob.json
214,Klone_SiGe_G9_T8_O6-out.wav,Proteus_Tone_Packs/Keiths_DIY_Pedals/Klone_SiGe_G9_T8_O6.json
215,Bass_Clean_GainKnob_cond-0.00-out.wav,Proteus_Tone_Packs/MetalAmpPack/Bass_Clean_GainKnob.json
216,Bass_Clean_GainKnob_cond-0.25-out.wav,Proteus_Tone_Packs/MetalAmpPack/Bass_Clean_GainKnob.json
217,Bass_Clean_GainKnob_cond-0.50-out.wav,Proteus_Tone_Packs/MetalAmpPack/Bass_Clean_GainKnob.json
218,Bass_Clean_GainKnob_cond-0.75-out.wav,Proteus_Tone_Packs/MetalAmpPack/Bass_Clean_GainKnob.json
219,Bass_Clean_GainKnob_cond-1.00-out.wav,Proteus_Tone_Packs/MetalAmpPack/Bass_Clean_GainKnob.json
220,ENGL_E645_Clean_EdoardoNapoli-out.wav,Proteus_Tone_Packs/AmpPack3/ENGL_E645_Clean_EdoardoNapoli.json
221,Fender_Bassman_JC_cond-0.00-out.wav,Proteus_Tone_Packs/AmpPack3/Fender_Bassman_JC.json
222,Fender_Bassman_JC_cond-0.25-out.wav,Proteus_Tone_Packs/AmpPack3/Fender_Bassman_JC.json
223,Fender_Bassman_JC_cond-0.50-out.wav,Proteus_Tone_Packs/AmpPack3/Fender_Bassman_JC.json
224,Fender_Bassman_JC_cond-0.75-out.wav,Proteus_Tone_Packs/AmpPack3/Fender_Bassman_JC.json
225,Fender_Bassman_JC_cond-1.00-out.wav,Proteus_Tone_Packs/AmpPack3/Fender_Bassman_JC.json
226,SoundCity50_ThroneTorcher_DIRECT-out.wav,Proteus_Tone_Packs/AmpPack2/SoundCity50_ThroneTorcher_DIRECT.json
227,MesaMiniRec_HighGain_DirectOut-out.wav,Proteus_Tone_Packs/AmpPack1/MesaMiniRec_HighGain_DirectOut.json
228,ElCoyote_Trainwreck_Crunch-out.wav,Proteus_Tone_Packs/AmpPack3/ElCoyote_Trainwreck_Crunch.json
229,XComp_Pedal-out.wav,Proteus_Tone_Packs/PedalPack1/XComp_Pedal.json
230,UA_RubyKC_BoostKnob_cond-0.00-out.wav,Proteus_Tone_Packs/PedalPack1/UA_RubyKC_BoostKnob.json
231,UA_RubyKC_BoostKnob_cond-0.25-out.wav,Proteus_Tone_Packs/PedalPack1/UA_RubyKC_BoostKnob.json
232,UA_RubyKC_BoostKnob_cond-0.50-out.wav,Proteus_Tone_Packs/PedalPack1/UA_RubyKC_BoostKnob.json
233,UA_RubyKC_BoostKnob_cond-0.75-out.wav,Proteus_Tone_Packs/PedalPack1/UA_RubyKC_BoostKnob.json
234,UA_RubyKC_BoostKnob_cond-1.00-out.wav,Proteus_Tone_Packs/PedalPack1/UA_RubyKC_BoostKnob.json
235,Klone_Ge_G9_T8_O6-out.wav,Proteus_Tone_Packs/Keiths_DIY_Pedals/Klone_Ge_G9_T8_O6.json
236,PrinceOfToneClone_Boost_Knob_cond-0.00-out.wav,Proteus_Tone_Packs/PedalPack3/PrinceOfToneClone_Boost_Knob.json
237,PrinceOfToneClone_Boost_Knob_cond-0.25-out.wav,Proteus_Tone_Packs/PedalPack3/PrinceOfToneClone_Boost_Knob.json
238,PrinceOfToneClone_Boost_Knob_cond-0.50-out.wav,Proteus_Tone_Packs/PedalPack3/PrinceOfToneClone_Boost_Knob.json
239,PrinceOfToneClone_Boost_Knob_cond-0.75-out.wav,Proteus_Tone_Packs/PedalPack3/PrinceOfToneClone_Boost_Knob.json
240,PrinceOfToneClone_Boost_Knob_cond-1.00-out.wav,Proteus_Tone_Packs/PedalPack3/PrinceOfToneClone_Boost_Knob.json
241,BluesBreakerClone_gainKnob_cond-0.00-out.wav,Proteus_Tone_Packs/PedalPack3/BluesBreakerClone_gainKnob.json
242,BluesBreakerClone_gainKnob_cond-0.25-out.wav,Proteus_Tone_Packs/PedalPack3/BluesBreakerClone_gainKnob.json
243,BluesBreakerClone_gainKnob_cond-0.50-out.wav,Proteus_Tone_Packs/PedalPack3/BluesBreakerClone_gainKnob.json
244,BluesBreakerClone_gainKnob_cond-0.75-out.wav,Proteus_Tone_Packs/PedalPack3/BluesBreakerClone_gainKnob.json
245,BluesBreakerClone_gainKnob_cond-1.00-out.wav,Proteus_Tone_Packs/PedalPack3/BluesBreakerClone_gainKnob.json
246,TRexMudhoney_GainKnob_cond-0.00-out.wav,Proteus_Tone_Packs/PedalPack3/TRexMudhoney_GainKnob.json
247,TRexMudhoney_GainKnob_cond-0.25-out.wav,Proteus_Tone_Packs/PedalPack3/TRexMudhoney_GainKnob.json
248,TRexMudhoney_GainKnob_cond-0.50-out.wav,Proteus_Tone_Packs/PedalPack3/TRexMudhoney_GainKnob.json
249,TRexMudhoney_GainKnob_cond-0.75-out.wav,Proteus_Tone_Packs/PedalPack3/TRexMudhoney_GainKnob.json
250,TRexMudhoney_GainKnob_cond-1.00-out.wav,Proteus_Tone_Packs/PedalPack3/TRexMudhoney_GainKnob.json
251,ProteinGreen_pedal_DriveKnob_cond-0.00-out.wav,Proteus_Tone_Packs/PedalPack1/ProteinGreen_pedal_DriveKnob.json
252,ProteinGreen_pedal_DriveKnob_cond-0.25-out.wav,Proteus_Tone_Packs/PedalPack1/ProteinGreen_pedal_DriveKnob.json
253,ProteinGreen_pedal_DriveKnob_cond-0.50-out.wav,Proteus_Tone_Packs/PedalPack1/ProteinGreen_pedal_DriveKnob.json
254,ProteinGreen_pedal_DriveKnob_cond-0.75-out.wav,Proteus_Tone_Packs/PedalPack1/ProteinGreen_pedal_DriveKnob.json
255,ProteinGreen_pedal_DriveKnob_cond-1.00-out.wav,Proteus_Tone_Packs/PedalPack1/ProteinGreen_pedal_DriveKnob.json
256,H&KBS200FL_LEAD_EdoardoNapoli-out.wav,Proteus_Tone_Packs/AmpPack3/H&KBS200FL_LEAD_EdoardoNapoli.json
257,NeuralJohnClean_DirectOut-out.wav,Proteus_Tone_Packs/AmpPack2/NeuralJohnClean_DirectOut.json
258,ENGL_E430_Clean_EdoardoNapoli-out.wav,Proteus_Tone_Packs/AmpPack3/ENGL_E430_Clean_EdoardoNapoli.json
259,6505Plus_Red_DirectOut-out.wav,Proteus_Tone_Packs/AmpPack1/6505Plus_Red_DirectOut.json
260,DigitechDF-7_MT2-out.wav,Proteus_Tone_Packs/PedalPack4/DigitechDF-7_MT2.json
261,Sovtek50_ThroneTorcher_DIRECT-out.wav,Proteus_Tone_Packs/AmpPack2/Sovtek50_ThroneTorcher_DIRECT.json
262,AccessVirusB_DistortionHard-out.wav,Proteus_Tone_Packs/PedalPack3/AccessVirusB_DistortionHard.json
263,BlackstarHT40_AmpHighGain-out.wav,Proteus_Tone_Packs/AmpPack1/BlackstarHT40_AmpHighGain.json
264,DC3_Ge_G7_T5_L10-out.wav,Proteus_Tone_Packs/Keiths_DIY_Pedals/DC3_Ge_G7_T5_L10.json
265,Mooer_CaliMkIV_GainKnob_cond-0.00-out.wav,Proteus_Tone_Packs/PedalPack1/Mooer_CaliMkIV_GainKnob.json
266,Mooer_CaliMkIV_GainKnob_cond-0.25-out.wav,Proteus_Tone_Packs/PedalPack1/Mooer_CaliMkIV_GainKnob.json
267,Mooer_CaliMkIV_GainKnob_cond-0.50-out.wav,Proteus_Tone_Packs/PedalPack1/Mooer_CaliMkIV_GainKnob.json
268,Mooer_CaliMkIV_GainKnob_cond-0.75-out.wav,Proteus_Tone_Packs/PedalPack1/Mooer_CaliMkIV_GainKnob.json
269,Mooer_CaliMkIV_GainKnob_cond-1.00-out.wav,Proteus_Tone_Packs/PedalPack1/Mooer_CaliMkIV_GainKnob.json
270,GoatPedal_HighGain-out.wav,Proteus_Tone_Packs/PedalPack1/GoatPedal_HighGain.json
271,Klone_Ge_G5_T8_O7-out.wav,Proteus_Tone_Packs/Keiths_DIY_Pedals/Klone_Ge_G5_T8_O7.json
272,Splawn_OD_FractalFM3_HighGain-out.wav,Proteus_Tone_Packs/AmpPack1/Splawn_OD_FractalFM3_HighGain.json
273,HustleDriveLP_Knob_cond-0.00-out.wav,Proteus_Tone_Packs/PedalPack4/HustleDriveLP_Knob.json
274,HustleDriveLP_Knob_cond-0.25-out.wav,Proteus_Tone_Packs/PedalPack4/HustleDriveLP_Knob.json
275,HustleDriveLP_Knob_cond-0.50-out.wav,Proteus_Tone_Packs/PedalPack4/HustleDriveLP_Knob.json
276,HustleDriveLP_Knob_cond-0.75-out.wav,Proteus_Tone_Packs/PedalPack4/HustleDriveLP_Knob.json
277,HustleDriveLP_Knob_cond-1.00-out.wav,Proteus_Tone_Packs/PedalPack4/HustleDriveLP_Knob.json
278,EthosLeadChan_GainKnob_cond-0.00-out.wav,Proteus_Tone_Packs/AmpPack1/EthosLeadChan_GainKnob.json
279,EthosLeadChan_GainKnob_cond-0.25-out.wav,Proteus_Tone_Packs/AmpPack1/EthosLeadChan_GainKnob.json
280,EthosLeadChan_GainKnob_cond-0.50-out.wav,Proteus_Tone_Packs/AmpPack1/EthosLeadChan_GainKnob.json
281,EthosLeadChan_GainKnob_cond-0.75-out.wav,Proteus_Tone_Packs/AmpPack1/EthosLeadChan_GainKnob.json
282,EthosLeadChan_GainKnob_cond-1.00-out.wav,Proteus_Tone_Packs/AmpPack1/EthosLeadChan_GainKnob.json
283,Victory_CountessOD_GainKnob_cond-0.00-out.wav,Proteus_Tone_Packs/PedalPack1/Victory_CountessOD_GainKnob.json
284,Victory_CountessOD_GainKnob_cond-0.25-out.wav,Proteus_Tone_Packs/PedalPack1/Victory_CountessOD_GainKnob.json
285,Victory_CountessOD_GainKnob_cond-0.50-out.wav,Proteus_Tone_Packs/PedalPack1/Victory_CountessOD_GainKnob.json
286,Victory_CountessOD_GainKnob_cond-0.75-out.wav,Proteus_Tone_Packs/PedalPack1/Victory_CountessOD_GainKnob.json
287,Victory_CountessOD_GainKnob_cond-1.00-out.wav,Proteus_Tone_Packs/PedalPack1/Victory_CountessOD_GainKnob.json
288,AguilarAgro_and_B7KU-Behemoth_Bass-out.wav,Proteus_Tone_Packs/PedalPack3/AguilarAgro_and_B7KU-Behemoth_Bass.json
289,BSIAB_II_KitPedal_GainKnob_cond-0.00-out.wav,Proteus_Tone_Packs/PedalPack2/BSIAB_II_KitPedal_GainKnob.json
290,BSIAB_II_KitPedal_GainKnob_cond-0.25-out.wav,Proteus_Tone_Packs/PedalPack2/BSIAB_II_KitPedal_GainKnob.json
291,BSIAB_II_KitPedal_GainKnob_cond-0.50-out.wav,Proteus_Tone_Packs/PedalPack2/BSIAB_II_KitPedal_GainKnob.json
292,BSIAB_II_KitPedal_GainKnob_cond-0.75-out.wav,Proteus_Tone_Packs/PedalPack2/BSIAB_II_KitPedal_GainKnob.json
293,BSIAB_II_KitPedal_GainKnob_cond-1.00-out.wav,Proteus_Tone_Packs/PedalPack2/BSIAB_II_KitPedal_GainKnob.json
294,PRS-Archon_Flat_GainKnob_cond-0.00-out.wav,Proteus_Tone_Packs/MetalAmpPack/PRS-Archon_Flat_GainKnob.json
295,PRS-Archon_Flat_GainKnob_cond-0.25-out.wav,Proteus_Tone_Packs/MetalAmpPack/PRS-Archon_Flat_GainKnob.json
296,PRS-Archon_Flat_GainKnob_cond-0.50-out.wav,Proteus_Tone_Packs/MetalAmpPack/PRS-Archon_Flat_GainKnob.json
297,PRS-Archon_Flat_GainKnob_cond-0.75-out.wav,Proteus_Tone_Packs/MetalAmpPack/PRS-Archon_Flat_GainKnob.json
298,PRS-Archon_Flat_GainKnob_cond-1.00-out.wav,Proteus_Tone_Packs/MetalAmpPack/PRS-Archon_Flat_GainKnob.json
299,SLO_HighGain_GainKnob_cond-0.00-out.wav,Proteus_Tone_Packs/MetalAmpPack/SLO_HighGain_GainKnob.json
300,SLO_HighGain_GainKnob_cond-0.25-out.wav,Proteus_Tone_Packs/MetalAmpPack/SLO_HighGain_GainKnob.json
301,SLO_HighGain_GainKnob_cond-0.50-out.wav,Proteus_Tone_Packs/MetalAmpPack/SLO_HighGain_GainKnob.json
302,SLO_HighGain_GainKnob_cond-0.75-out.wav,Proteus_Tone_Packs/MetalAmpPack/SLO_HighGain_GainKnob.json
303,SLO_HighGain_GainKnob_cond-1.00-out.wav,Proteus_Tone_Packs/MetalAmpPack/SLO_HighGain_GainKnob.json
304,BadCat50_HighGain_DIRECT-out.wav,Proteus_Tone_Packs/AmpPack2/BadCat50_HighGain_DIRECT.json
305,Sovtek50_Clean_DIRECT-out.wav,Proteus_Tone_Packs/AmpPack2/Sovtek50_Clean_DIRECT.json
306,Bass_Rack_GainKnob_cond-0.00-out.wav,Proteus_Tone_Packs/MetalAmpPack/Bass_Rack_GainKnob.json
307,Bass_Rack_GainKnob_cond-0.25-out.wav,Proteus_Tone_Packs/MetalAmpPack/Bass_Rack_GainKnob.json
308,Bass_Rack_GainKnob_cond-0.50-out.wav,Proteus_Tone_Packs/MetalAmpPack/Bass_Rack_GainKnob.json
309,Bass_Rack_GainKnob_cond-0.75-out.wav,Proteus_Tone_Packs/MetalAmpPack/Bass_Rack_GainKnob.json
310,Bass_Rack_GainKnob_cond-1.00-out.wav,Proteus_Tone_Packs/MetalAmpPack/Bass_Rack_GainKnob.json
311,HustleDriveLP-out.wav,Proteus_Tone_Packs/PedalPack4/HustleDriveLP.json
312,PureSky_Pedal_GainKnob_cond-0.00-out.wav,Proteus_Tone_Packs/PedalPack2/PureSky_Pedal_GainKnob.json
313,PureSky_Pedal_GainKnob_cond-0.25-out.wav,Proteus_Tone_Packs/PedalPack2/PureSky_Pedal_GainKnob.json
314,PureSky_Pedal_GainKnob_cond-0.50-out.wav,Proteus_Tone_Packs/PedalPack2/PureSky_Pedal_GainKnob.json
315,PureSky_Pedal_GainKnob_cond-0.75-out.wav,Proteus_Tone_Packs/PedalPack2/PureSky_Pedal_GainKnob.json
316,PureSky_Pedal_GainKnob_cond-1.00-out.wav,Proteus_Tone_Packs/PedalPack2/PureSky_Pedal_GainKnob.json
317,EffectrodeBlackbirdCreamy_GainKnob_cond-0.00-out.wav,Proteus_Tone_Packs/PedalPack4/EffectrodeBlackbirdCreamy_GainKnob.json
318,EffectrodeBlackbirdCreamy_GainKnob_cond-0.25-out.wav,Proteus_Tone_Packs/PedalPack4/EffectrodeBlackbirdCreamy_GainKnob.json
319,EffectrodeBlackbirdCreamy_GainKnob_cond-0.50-out.wav,Proteus_Tone_Packs/PedalPack4/EffectrodeBlackbirdCreamy_GainKnob.json
320,EffectrodeBlackbirdCreamy_GainKnob_cond-0.75-out.wav,Proteus_Tone_Packs/PedalPack4/EffectrodeBlackbirdCreamy_GainKnob.json
321,EffectrodeBlackbirdCreamy_GainKnob_cond-1.00-out.wav,Proteus_Tone_Packs/PedalPack4/EffectrodeBlackbirdCreamy_GainKnob.json
322,PlexiBreed_JTM_pedal-out.wav,Proteus_Tone_Packs/PedalPack1/PlexiBreed_JTM_pedal.json
323,PeaveyBandit_Chan1_saturated-out.wav,Proteus_Tone_Packs/AmpPack2/PeaveyBandit_Chan1_saturated.json
324,DOD_AmericanMetalEQ_Knob_cond-0.00-out.wav,Proteus_Tone_Packs/PedalPack4/DOD_AmericanMetalEQ_Knob.json
325,DOD_AmericanMetalEQ_Knob_cond-0.25-out.wav,Proteus_Tone_Packs/PedalPack4/DOD_AmericanMetalEQ_Knob.json
326,DOD_AmericanMetalEQ_Knob_cond-0.50-out.wav,Proteus_Tone_Packs/PedalPack4/DOD_AmericanMetalEQ_Knob.json
327,DOD_AmericanMetalEQ_Knob_cond-0.75-out.wav,Proteus_Tone_Packs/PedalPack4/DOD_AmericanMetalEQ_Knob.json
328,DOD_AmericanMetalEQ_Knob_cond-1.00-out.wav,Proteus_Tone_Packs/PedalPack4/DOD_AmericanMetalEQ_Knob.json
329,TS7_modified_TS9Mode-out.wav,Proteus_Tone_Packs/PedalPack4/TS7_modified_TS9Mode.json
330,Klone_SiGe_G6_T5_O7-out.wav,Proteus_Tone_Packs/Keiths_DIY_Pedals/Klone_SiGe_G6_T5_O7.json
331,TS9_DriveKnob_cond-0.00-out.wav,Proteus_Tone_Packs/PedalPack1/TS9_DriveKnob.json
332,TS9_DriveKnob_cond-0.25-out.wav,Proteus_Tone_Packs/PedalPack1/TS9_DriveKnob.json
333,TS9_DriveKnob_cond-0.50-out.wav,Proteus_Tone_Packs/PedalPack1/TS9_DriveKnob.json
334,TS9_DriveKnob_cond-0.75-out.wav,Proteus_Tone_Packs/PedalPack1/TS9_DriveKnob.json
335,TS9_DriveKnob_cond-1.00-out.wav,Proteus_Tone_Packs/PedalPack1/TS9_DriveKnob.json
336,ShiftTwin_StampedeDT_PREAMP-out.wav,Proteus_Tone_Packs/AmpPack2/ShiftTwin_StampedeDT_PREAMP.json
337,PeaveyBandit_Chan2_clean-out.wav,Proteus_Tone_Packs/AmpPack2/PeaveyBandit_Chan2_clean.json
338,RevvG4_Red_DriveKnob_cond-0.00-out.wav,Proteus_Tone_Packs/PedalPack1/RevvG4_Red_DriveKnob.json
339,RevvG4_Red_DriveKnob_cond-0.25-out.wav,Proteus_Tone_Packs/PedalPack1/RevvG4_Red_DriveKnob.json
340,RevvG4_Red_DriveKnob_cond-0.50-out.wav,Proteus_Tone_Packs/PedalPack1/RevvG4_Red_DriveKnob.json
341,RevvG4_Red_DriveKnob_cond-0.75-out.wav,Proteus_Tone_Packs/PedalPack1/RevvG4_Red_DriveKnob.json
342,RevvG4_Red_DriveKnob_cond-1.00-out.wav,Proteus_Tone_Packs/PedalPack1/RevvG4_Red_DriveKnob.json
343,DumbleKit_HighG_DirectOut-out.wav,Proteus_Tone_Packs/AmpPack1/DumbleKit_HighG_DirectOut.json
344,RevvG3_Pedal_GainKnob_cond-0.00-out.wav,Proteus_Tone_Packs/PedalPack2/RevvG3_Pedal_GainKnob.json
345,RevvG3_Pedal_GainKnob_cond-0.25-out.wav,Proteus_Tone_Packs/PedalPack2/RevvG3_Pedal_GainKnob.json
346,RevvG3_Pedal_GainKnob_cond-0.50-out.wav,Proteus_Tone_Packs/PedalPack2/RevvG3_Pedal_GainKnob.json
347,RevvG3_Pedal_GainKnob_cond-0.75-out.wav,Proteus_Tone_Packs/PedalPack2/RevvG3_Pedal_GainKnob.json
348,RevvG3_Pedal_GainKnob_cond-1.00-out.wav,Proteus_Tone_Packs/PedalPack2/RevvG3_Pedal_GainKnob.json
349,PrincetonAmp_Clean-out.wav,Proteus_Tone_Packs/AmpPack1/PrincetonAmp_Clean.json
350,ElCoyote_Trainwreck_Clean-out.wav,Proteus_Tone_Packs/AmpPack3/ElCoyote_Trainwreck_Clean.json
351,RockmanAcoustic_Pedal-out.wav,Proteus_Tone_Packs/PedalPack1/RockmanAcoustic_Pedal.json
352,MesaIICplus_Drive8_5EQoff-out.wav,Proteus_Tone_Packs/AmpPack1/MesaIICplus_Drive8_5EQoff.json
353,Bass_Dirt_GainKnob_cond-0.00-out.wav,Proteus_Tone_Packs/MetalAmpPack/Bass_Dirt_GainKnob.json
354,Bass_Dirt_GainKnob_cond-0.25-out.wav,Proteus_Tone_Packs/MetalAmpPack/Bass_Dirt_GainKnob.json
355,Bass_Dirt_GainKnob_cond-0.50-out.wav,Proteus_Tone_Packs/MetalAmpPack/Bass_Dirt_GainKnob.json
356,Bass_Dirt_GainKnob_cond-0.75-out.wav,Proteus_Tone_Packs/MetalAmpPack/Bass_Dirt_GainKnob.json
357,Bass_Dirt_GainKnob_cond-1.00-out.wav,Proteus_Tone_Packs/MetalAmpPack/Bass_Dirt_GainKnob.json
358,JoyoExtremeMetal-out.wav,Proteus_Tone_Packs/PedalPack4/JoyoExtremeMetal.json
359,RockmanXPR_HighGain-out.wav,Proteus_Tone_Packs/AmpPack1/RockmanXPR_HighGain.json
360,Gibson_EH-185_cond-0.00-out.wav,Proteus_Tone_Packs/AmpPack3/Gibson_EH-185.json
361,Gibson_EH-185_cond-0.25-out.wav,Proteus_Tone_Packs/AmpPack3/Gibson_EH-185.json
362,Gibson_EH-185_cond-0.50-out.wav,Proteus_Tone_Packs/AmpPack3/Gibson_EH-185.json
363,Gibson_EH-185_cond-0.75-out.wav,Proteus_Tone_Packs/AmpPack3/Gibson_EH-185.json
364,Gibson_EH-185_cond-1.00-out.wav,Proteus_Tone_Packs/AmpPack3/Gibson_EH-185.json
365,Sovtek50_DodFX56B-2_DIRECT-out.wav,Proteus_Tone_Packs/AmpPack2/Sovtek50_DodFX56B-2_DIRECT.json
366,BigMuff_V6_T3_S5-out.wav,Proteus_Tone_Packs/Keiths_DIY_Pedals/BigMuff_V6_T3_S5.json
367,H&KBS200FL_CLEAN_EdoardoNapoli-out.wav,Proteus_Tone_Packs/AmpPack3/H&KBS200FL_CLEAN_EdoardoNapoli.json
368,JoyoExtremeMetalBoostOn-out.wav,Proteus_Tone_Packs/PedalPack4/JoyoExtremeMetalBoostOn.json
369,MatchlessSC30_Ch1_DirectOut-out.wav,Proteus_Tone_Packs/AmpPack1/MatchlessSC30_Ch1_DirectOut.json
370,Sovtek50_DodFX56B_DIRECT-out.wav,Proteus_Tone_Packs/AmpPack2/Sovtek50_DodFX56B_DIRECT.json
371,Ibanez_Mostortion_Clone_GainKnob_cond-0.00-out.wav,Proteus_Tone_Packs/PedalPack2/Ibanez_Mostortion_Clone_GainKnob.json
372,Ibanez_Mostortion_Clone_GainKnob_cond-0.25-out.wav,Proteus_Tone_Packs/PedalPack2/Ibanez_Mostortion_Clone_GainKnob.json
373,Ibanez_Mostortion_Clone_GainKnob_cond-0.50-out.wav,Proteus_Tone_Packs/PedalPack2/Ibanez_Mostortion_Clone_GainKnob.json
374,Ibanez_Mostortion_Clone_GainKnob_cond-0.75-out.wav,Proteus_Tone_Packs/PedalPack2/Ibanez_Mostortion_Clone_GainKnob.json
375,Ibanez_Mostortion_Clone_GainKnob_cond-1.00-out.wav,Proteus_Tone_Packs/PedalPack2/Ibanez_Mostortion_Clone_GainKnob.json
376,FatGeneral_Comp-out.wav,Proteus_Tone_Packs/PedalPack2/FatGeneral_Comp.json
377,Guvnor_Pedal_GainKnob_cond-0.00-out.wav,Proteus_Tone_Packs/PedalPack2/Guvnor_Pedal_GainKnob.json
378,Guvnor_Pedal_GainKnob_cond-0.25-out.wav,Proteus_Tone_Packs/PedalPack2/Guvnor_Pedal_GainKnob.json
379,Guvnor_Pedal_GainKnob_cond-0.50-out.wav,Proteus_Tone_Packs/PedalPack2/Guvnor_Pedal_GainKnob.json
380,Guvnor_Pedal_GainKnob_cond-0.75-out.wav,Proteus_Tone_Packs/PedalPack2/Guvnor_Pedal_GainKnob.json
381,Guvnor_Pedal_GainKnob_cond-1.00-out.wav,Proteus_Tone_Packs/PedalPack2/Guvnor_Pedal_GainKnob.json
